SNP	CHR	BP	A1	A2	beta	OR (95% CI)	P	GRCh38	ID	REF	ALT	ALT_FREQS
rs9269233	6	32451762	A	C	0.350656872	"1.42 (1.24, 1.61)"	2.15E-07	6-32483985-A-C	rs9269233	A	C	0.749488
rs9271346	6	32583468	C	T	0.385262401	"1.47 (1.27, 1.70)"	1.23E-07	6-32615691-C-T	rs9271346	C	T	0.817146
rs3129888	6	32411726	G	A	0.343589704	"1.41 (1.22, 1.62)"	1.51E-06	6-32443949-G-A	rs3129888	G	A	0.810323